transaction_date,symboling,normalized-losses,num-of-doors,engine-location,wheel-base,length,width,height,curb-weight,num-of-cylinders,engine-size,bore,stroke,compression-ratio,horsepower,peak-rpm,city-mpg,highway-mpg,price,city-L/100km,diesel,gas,horsepower_ordinal,body-style_convertible,body-style_hardtop,body-style_hatchback,body-style_sedan,body-style_wagon,drive-wheels_4wd,drive-wheels_awd,drive-wheels_fwd,drive-wheels_rwd,aspiration_std,aspiration_turbo,engine-type_dohc,engine-type_l,engine-type_ohc,engine-type_ohcf,engine-type_ohcv,fuel-system_1bbl,fuel-system_2bbl,fuel-system_idi,fuel-system_mfi,fuel-system_mpfi,fuel-system_spdi,fuel-system_spfi,make_frequency
2025-01-01,1.0,122,0,0,0.068965517241379,0.4504065040650409,0.3247863247863245,0.488,0.41117145073700545,0.19999999999999996,0.2839506172839506,3.47,2.68,9.0,0.39622641509433965,0.346938775510204,0.2,0.2894736842105263,0.20795888982672162,11.190476190476188,0,1,1,1,0,0,0,0,0,0,0,1,1,0,1,0,0,0,0,0,0,0,0,1,0,0,0.016129032258064516
2025-02-01,1.0,122,0,0,0.068965517241379,0.4504065040650409,0.3247863247863245,0.488,0.41117145073700545,0.19999999999999996,0.2839506172839506,3.47,2.68,9.0,0.39622641509433965,0.346938775510204,0.2,0.2894736842105263,0.2825579663373219,11.190476190476188,0,1,1,1,0,0,0,0,0,0,0,1,1,0,1,0,0,0,0,0,0,0,0,1,0,0,0.016129032258064516
2025-01-03,0.6000000000000001,122,0,0,0.27241379310344804,0.4894308943089434,0.44444444444444464,0.524,0.5178432893716058,0.6000000000000001,0.37448559670781895,2.68,3.47,9.0,0.6666666666666666,0.346938775510204,0.14285714285714285,0.26315789473684204,0.2825579663373219,12.36842105263158,0,1,1,0,0,1,0,0,0,0,0,1,1,0,0,0,0,0,1,0,0,0,0,1,0,0,0.016129032258064516
2025-01-04,0.8,164,1,0,0.45517241379310347,0.5772357723577235,0.5042735042735043,0.5429999999999999,0.3293250581846392,0.19999999999999996,0.19753086419753085,3.19,3.4,10.0,0.339622641509434,0.5510204081632655,0.28571428571428575,0.368421052631579,0.21925425748473265,9.791666666666666,0,1,1,0,0,0,1,0,0,0,1,0,1,0,0,0,1,0,0,0,0,0,0,1,0,0,0.03763440860215054
2025-01-05,0.8,164,1,0,0.4413793103448276,0.5772357723577235,0.5213675213675231,0.5429999999999999,0.5182311869666407,0.3999999999999999,0.30864197530864196,3.19,3.4,8.0,0.42138364779874216,0.5510204081632655,0.11428571428571427,0.1578947368421053,0.30614170100789434,13.055555555555555,0,1,1,0,0,0,1,0,1,0,0,0,1,0,0,0,1,0,0,0,0,0,0,1,0,0,0.03763440860215054
2025-06-01,0.8,122,0,0,0.45517241379310347,0.588617886178862,0.5128205128205119,0.531,0.3952676493405741,0.3999999999999999,0.30864197530864196,3.19,3.4,8.5,0.389937106918239,0.5510204081632655,0.14285714285714285,0.23684210526315785,0.25152673650762125,12.36842105263158,0,1,1,0,0,0,1,0,0,0,1,0,1,0,0,0,1,0,0,0,0,0,0,1,0,0,0.03763440860215054
2025-01-07,0.6000000000000001,158,1,0,0.6620689655172414,0.8390243902439023,0.9487179487179498,0.557,0.525989138867339,0.3999999999999999,0.30864197530864196,3.19,3.4,8.5,0.389937106918239,0.5510204081632655,0.14285714285714285,0.23684210526315785,0.3125961968124721,12.36842105263158,0,1,1,0,0,0,1,0,0,0,1,0,1,0,0,0,1,0,0,0,0,0,0,1,0,0,0.03763440860215054
2025-01-08,0.6000000000000001,122,1,0,0.6620689655172414,0.8390243902439023,0.9487179487179498,0.557,0.5686578743211792,0.3999999999999999,0.30864197530864196,3.19,3.4,8.5,0.389937106918239,0.5510204081632655,0.14285714285714285,0.23684210526315785,0.3426344272876223,12.36842105263158,0,1,1,0,0,0,0,1,0,0,1,0,1,0,0,0,1,0,0,0,0,0,0,1,0,0,0.03763440860215054
2025-01-09,0.6000000000000001,158,1,0,0.6620689655172414,0.8390243902439023,0.9487179487179498,0.5589999999999999,0.6198603568657874,0.3999999999999999,0.28806584362139925,3.13,3.4,8.3,0.5786163522012578,0.5510204081632655,0.08571428571428574,0.10526315789473684,0.46564222233255553,13.823529411764708,0,1,1,0,0,0,1,0,0,0,1,0,0,1,0,0,1,0,0,0,0,0,0,1,0,0,0.03763440860215054
2025-10-01,0.8,192,0,0,0.5034482758620689,0.5804878048780489,0.38461538461538414,0.5429999999999999,0.35182311869666405,0.19999999999999996,0.1934156378600823,3.5,2.8,8.8,0.33333333333333337,0.6734693877551019,0.2571428571428572,0.3421052631578947,0.28082021746685865,10.217391304347826,0,1,0,0,0,0,1,0,0,0,0,1,1,0,0,0,1,0,0,0,0,0,0,1,0,0,0.03763440860215054
2025-01-12,0.4,188,0,0,0.5034482758620689,0.5804878048780489,0.38461538461538414,0.5429999999999999,0.474010861132661,0.6000000000000001,0.42386831275720166,3.31,3.19,9.0,0.4591194968553459,0.04081632653061229,0.2,0.3157894736842105,0.3935256442083313,11.190476190476188,0,1,1,0,0,0,1,0,0,0,0,1,1,0,0,0,1,0,0,0,0,0,0,1,0,0,0.03763440860215054
2025-01-13,0.4,188,1,0,0.5034482758620689,0.5804878048780489,0.38461538461538414,0.5429999999999999,0.495345228859581,0.6000000000000001,0.42386831275720166,3.31,3.19,9.0,0.4591194968553459,0.04081632653061229,0.2,0.3157894736842105,0.396877017029939,11.190476190476188,0,1,1,0,0,0,1,0,0,1,0,0,1,0,0,0,1,0,0,0,0,0,0,1,0,0,0.03763440860215054
2025-01-14,0.6000000000000001,122,1,0,0.5827586206896553,0.7788617886178861,0.5641025641025648,0.557,0.6078355314197053,0.6000000000000001,0.42386831275720166,3.31,3.19,9.0,0.4591194968553459,0.04081632653061229,0.17142857142857143,0.23684210526315785,0.48277146119855024,11.75,0,1,1,0,0,0,1,0,0,0,0,1,1,0,0,0,1,0,0,0,0,0,0,1,0,0,0.03763440860215054
2025-01-15,0.4,122,1,0,0.5827586206896553,0.7788617886178861,0.5641025641025648,0.557,0.6757176105508145,0.6000000000000001,0.609053497942387,3.62,3.39,8.0,0.8427672955974842,0.5102040816326532,0.05714285714285716,0.1578947368421053,0.6365622362345464,14.6875,0,1,2,0,0,0,1,0,0,0,0,1,1,0,0,0,1,0,0,0,0,0,0,1,0,0,0.03763440860215054
2025-01-17,0.4,122,1,0,0.806896551724138,0.9089430894308945,0.9059829059829072,0.563,0.7823894491854151,0.6000000000000001,0.609053497942387,3.62,3.39,8.0,0.8427672955974842,0.5102040816326532,0.02857142857142858,0.10526315789473684,0.7884911374807606,15.666666666666664,0,1,2,0,0,0,1,0,0,0,0,1,1,0,0,0,1,0,0,0,0,0,0,1,0,0,0.03763440860215054
2025-01-18,0.8,121,0,0,0.062068965517241725,0.0,0.0,0.532,0.0,0.0,0.0,2.91,3.03,9.5,0.0,0.3877551020408163,0.9428571428571428,0.9736842105263157,0.0008192244675040983,5.0,0,1,0,0,0,1,0,0,0,0,1,0,1,0,0,1,0,0,0,0,1,0,0,0,0,0,0.016129032258064516
2025-01-19,0.6000000000000001,98,0,0,0.27241379310344804,0.24065040650406555,0.28205128205128194,0.52,0.14972847168347558,0.19999999999999996,0.11934156378600824,3.03,3.11,9.6,0.1383647798742138,0.5102040816326532,0.6857142857142857,0.7105263157894737,0.029219006007646098,6.184210526315789,0,1,0,0,0,1,0,0,0,0,1,0,1,0,0,0,1,0,0,0,0,0,0,1,0,0,0.016129032258064516
2025-01-20,0.4,81,1,0,0.27241379310344804,0.28780487804878074,0.28205128205128194,0.52,0.1633048875096974,0.19999999999999996,0.11934156378600824,3.03,3.11,9.6,0.1383647798742138,0.5102040816326532,0.6857142857142857,0.7105263157894737,0.03617000148949903,6.184210526315789,0,1,0,0,0,0,1,0,0,0,1,0,1,0,0,0,1,0,0,0,1,0,0,0,0,0,0.016129032258064516
2025-01-22,0.6000000000000001,118,0,0,0.2448275862068967,0.2634146341463417,0.29914529914529897,0.508,0.15050426687354534,0.19999999999999996,0.11934156378600824,2.97,3.23,9.4,0.12578616352201255,0.5510204081632655,0.4857142857142857,0.5789473684210527,0.03125465468447444,7.580645161290323,0,1,0,0,0,1,0,0,0,0,1,0,1,0,0,0,1,0,0,0,1,0,0,0,0,0,0.043010752688172046
2025-01-23,0.6000000000000001,118,0,0,0.2448275862068967,0.2634146341463417,0.29914529914529897,0.508,0.24825446082234293,0.19999999999999996,0.15226337448559674,3.03,3.39,7.6,0.339622641509434,0.5510204081632655,0.28571428571428575,0.368421052631579,0.07047812918921603,9.791666666666666,0,1,1,0,0,1,0,0,0,0,1,0,0,1,0,0,1,0,0,0,0,0,0,1,0,0,0.043010752688172046
2025-01-24,0.6000000000000001,148,1,0,0.2448275862068967,0.2634146341463417,0.29914529914529897,0.506,0.18580294802172226,0.19999999999999996,0.11934156378600824,2.97,3.23,9.4,0.12578616352201255,0.5510204081632655,0.4857142857142857,0.5789473684210527,0.0275805570726379,7.580645161290323,0,1,0,0,0,1,0,0,0,0,1,0,1,0,0,0,1,0,0,0,1,0,0,0,0,0,0.043010752688172046
2025-01-25,0.6000000000000001,148,1,0,0.2448275862068967,0.2634146341463417,0.29914529914529897,0.506,0.1943366951124903,0.19999999999999996,0.11934156378600824,2.97,3.23,9.4,0.12578616352201255,0.5510204081632655,0.4857142857142857,0.5789473684210527,0.039074524601558996,7.580645161290323,0,1,0,0,0,0,1,0,0,0,1,0,1,0,0,0,1,0,0,0,1,0,0,0,0,0,0.043010752688172046
2025-01-26,0.6000000000000001,148,1,0,0.2448275862068967,0.2634146341463417,0.29914529914529897,0.506,0.1943366951124903,0.19999999999999996,0.11934156378600824,2.97,3.23,9.4,0.12578616352201255,0.5510204081632655,0.4857142857142857,0.5789473684210527,0.06183903480462738,7.580645161290323,0,1,0,0,0,0,1,0,0,0,1,0,1,0,0,0,1,0,0,0,1,0,0,0,0,0,0.043010752688172046
2025-01-27,0.6000000000000001,148,1,0,0.2448275862068967,0.2634146341463417,0.29914529914529897,0.506,0.2726920093095423,0.19999999999999996,0.15226337448559674,3.03,3.39,7.6,0.339622641509434,0.5510204081632655,0.28571428571428575,0.368421052631579,0.08539794449133609,9.791666666666666,0,1,1,0,0,0,1,0,0,0,1,0,0,1,0,0,1,0,0,0,0,0,0,1,0,0,0.043010752688172046
2025-01-28,0.2,110,1,0,0.5758620689655172,0.5447154471544717,0.3675213675213671,0.598,0.40612878200155156,0.19999999999999996,0.25102880658436216,3.34,3.46,8.5,0.2515723270440251,0.346938775510204,0.28571428571428575,0.368421052631579,0.09440941363388114,9.791666666666666,0,1,0,0,0,0,0,1,0,0,1,0,1,0,0,0,1,0,0,0,1,0,0,0,0,0,0.043010752688172046
2025-01-29,1.0,145,0,0,0.3206896551724139,0.5219512195121947,0.5128205128205119,0.502,0.513188518231187,0.19999999999999996,0.3909465020576132,3.6,3.9,7.0,0.610062893081761,0.346938775510204,0.14285714285714285,0.21052631578947367,0.1947768233950648,12.36842105263158,0,1,1,0,0,1,0,0,0,0,1,0,0,1,0,0,1,0,0,0,0,0,1,0,0,0,0.043010752688172046
2025-01-30,0.8,137,0,0,0.0,0.056910569105691255,0.3076923076923075,0.508,0.08727695888285492,0.19999999999999996,0.12757201646090538,2.91,3.41,9.6,0.06289308176100628,0.26530612244897966,1.0,1.0,0.033786803038578006,4.795918367346938,0,1,0,0,0,1,0,0,0,0,1,0,1,0,0,0,1,0,0,1,0,0,0,0,0,0,0.053763440860215055
2025-01-31,0.8,137,0,0,0.0,0.056910569105691255,0.3076923076923075,0.508,0.12839410395655548,0.19999999999999996,0.12757201646090538,2.91,3.41,9.2,0.17610062893081757,0.7551020408163265,0.4857142857142857,0.5789473684210527,0.043120996971351966,7.580645161290323,0,1,0,0,0,1,0,0,0,0,1,0,1,0,0,0,1,0,0,1,0,0,0,0,0,0,0.03763440860215054
2025-02-01,0.6000000000000001,101,0,0,0.2448275862068967,0.14471544715447182,0.316239316239316,0.526,0.1353762606671839,0.19999999999999996,0.07407407407407407,2.91,3.07,10.1,0.07547169811320753,0.5510204081632655,0.6857142857142857,0.6842105263157894,0.006975820465716681,6.184210526315789,0,1,0,0,0,1,0,0,0,0,1,0,1,0,0,0,1,0,0,1,0,0,0,0,0,0,0.053763440860215055
2025-02-02,0.6000000000000001,101,0,0,0.2448275862068967,0.14471544715447182,0.316239316239316,0.526,0.1753297129557797,0.19999999999999996,0.12757201646090538,2.91,3.41,9.2,0.17610062893081757,0.7551020408163265,0.45714285714285713,0.4736842105263157,0.035028052231766055,7.833333333333332,0,1,0,0,0,1,0,0,0,0,1,0,1,0,0,0,1,0,0,1,0,0,0,0,0,0,0.053763440860215055
2025-03-02,0.6000000000000001,101,0,0,0.2448275862068967,0.14471544715447182,0.316239316239316,0.526,0.18153607447633824,0.19999999999999996,0.12757201646090538,2.91,3.41,9.2,0.17610062893081757,0.7551020408163265,0.45714285714285713,0.4736842105263157,0.049923042550022334,7.833333333333332,0,1,0,0,0,1,0,0,0,0,1,0,1,0,0,0,1,0,0,1,0,0,0,0,0,0,0.053763440860215055
2025-02-04,0.4,110,1,0,0.3413793103448275,0.36260162601626034,0.316239316239316,0.545,0.20248254460822346,0.19999999999999996,0.12757201646090538,2.91,3.41,9.2,0.17610062893081757,0.7551020408163265,0.45714285714285713,0.4736842105263157,0.05404398987140657,7.833333333333332,0,1,0,0,0,0,1,0,0,0,1,0,1,0,0,0,1,0,0,1,0,0,0,0,0,0,0.053763440860215055
2025-02-06,0.4,106,0,0,0.3413793103448275,0.4292682926829272,0.4188034188034191,0.5329999999999999,0.29014740108611325,0.19999999999999996,0.20164609053497945,3.15,3.58,9.0,0.23899371069182385,0.6734693877551019,0.3714285714285714,0.4473684210526315,0.06893898018966288,8.703703703703704,0,1,0,0,0,1,0,0,0,0,1,0,1,0,0,0,1,0,0,1,0,0,0,0,0,0,0.053763440860215055
2025-07-02,0.4,106,0,0,0.3413793103448275,0.4292682926829272,0.4188034188034191,0.5329999999999999,0.3107059736229635,0.19999999999999996,0.20164609053497945,3.15,3.58,9.0,0.23899371069182385,0.6734693877551019,0.3714285714285714,0.4473684210526315,0.09872896082617547,8.703703703703704,0,1,0,0,0,1,0,0,0,0,1,0,1,0,0,0,1,0,0,1,0,0,0,0,0,0,0.053763440860215055
2025-02-08,0.4,85,1,0,0.3413793103448275,0.5577235772357723,0.4188034188034191,0.541,0.31652443754848725,0.19999999999999996,0.20164609053497945,3.15,3.58,9.0,0.23899371069182385,0.6734693877551019,0.3714285714285714,0.4473684210526315,0.09252271486023533,8.703703703703704,0,1,0,0,0,0,1,0,0,0,1,0,1,0,0,0,1,0,0,1,0,0,0,0,0,0,0.053763440860215055
2025-02-09,0.4,85,1,0,0.3413793103448275,0.5577235772357723,0.18803418803418825,0.541,0.34290147401086113,0.19999999999999996,0.20164609053497945,3.15,3.58,9.0,0.23899371069182385,0.6734693877551019,0.3714285714285714,0.4473684210526315,0.12851894146268805,8.703703703703704,0,1,0,0,0,0,1,0,0,0,1,0,1,0,0,0,1,0,0,1,0,0,0,0,0,0,0.053763440860215055
2025-11-02,0.6000000000000001,107,0,0,0.3413793103448275,0.45528455284552827,0.4871794871794872,0.51,0.3122575640031032,0.19999999999999996,0.20164609053497945,3.15,3.58,9.1,0.32704402515723274,0.5510204081632655,0.31428571428571433,0.39473684210526316,0.12976019065587607,9.4,0,1,0,0,0,0,1,0,0,0,1,0,1,0,0,0,1,0,0,0,1,0,0,0,0,0,0.053763440860215055
2025-02-12,0.4,122,1,0,0.2655172413793103,0.4813008130081302,0.12820512820512864,0.535,0.3293250581846392,0.19999999999999996,0.205761316872428,3.31,3.23,8.5,0.18867924528301883,0.26530612244897966,0.28571428571428575,0.3421052631578947,0.041383248100888725,9.791666666666666,0,1,0,0,0,0,1,0,0,0,0,1,1,0,0,0,1,0,0,0,1,0,0,0,0,0,0.010752688172043012
2025-02-13,0.8,122,0,0,0.32413793103448274,0.5121951219512195,0.4188034188034191,0.514,0.4833204034134988,0.19999999999999996,0.23868312757201648,3.43,3.23,9.2,0.26415094339622636,0.346938775510204,0.28571428571428575,0.3421052631578947,0.14721215431209972,9.791666666666666,0,1,0,0,0,1,0,0,0,0,0,1,1,0,0,0,1,0,0,0,0,0,0,0,0,1,0.010752688172043012
2025-02-14,0.4,145,1,0,0.9103448275862069,0.9512195121951219,0.7948717948717947,0.528,1.0,0.6000000000000001,0.8106995884773662,3.63,4.17,8.1,0.8050314465408804,0.24489795918367352,0.02857142857142858,0.07894736842105265,0.6735514621915497,15.666666666666664,0,1,2,0,0,0,1,0,0,0,0,1,1,0,1,0,0,0,0,0,0,0,0,1,0,0,0.010752688172043012
2025-02-15,0.4,122,1,0,0.9103448275862069,0.9512195121951219,0.7948717948717947,0.528,1.0,0.6000000000000001,0.8106995884773662,3.63,4.17,8.1,0.8050314465408804,0.24489795918367352,0.02857142857142858,0.07894736842105265,0.7554739089419593,15.666666666666664,0,1,2,0,0,0,1,0,0,0,0,1,1,0,1,0,0,0,0,0,0,0,0,1,0,0,0.010752688172043012
2025-02-17,0.6000000000000001,104,0,0,0.22413793103448265,0.29268292682926855,0.3333333333333339,0.541,0.15593483320403412,0.19999999999999996,0.12345679012345678,3.03,3.15,9.0,0.12578616352201255,0.346938775510204,0.45714285714285713,0.39473684210526316,0.0019115237575095534,7.833333333333332,0,1,0,0,0,1,0,0,0,0,1,0,1,0,0,0,1,0,0,0,1,0,0,0,0,0,0.06989247311827956
2025-02-18,0.6000000000000001,104,0,0,0.22413793103448265,0.29268292682926855,0.3333333333333339,0.541,0.15981380915438326,0.19999999999999996,0.12345679012345678,3.03,3.15,9.0,0.12578616352201255,0.346938775510204,0.4857142857142857,0.5789473684210527,0.024254009234893986,7.580645161290323,0,1,0,0,0,1,0,0,0,0,1,0,1,0,0,0,1,0,0,0,1,0,0,0,0,0,0.06989247311827956
2025-02-19,0.6000000000000001,104,0,0,0.22413793103448265,0.29268292682926855,0.3333333333333339,0.541,0.16175329712955777,0.19999999999999996,0.12345679012345678,3.03,3.15,9.0,0.12578616352201255,0.346938775510204,0.4857142857142857,0.5789473684210527,0.041631497939526335,7.580645161290323,0,1,0,0,0,1,0,0,0,0,1,0,1,0,0,0,1,0,0,0,1,0,0,0,0,0,0.06989247311827956
2025-02-20,0.6000000000000001,113,1,0,0.22413793103448265,0.4178861788617887,0.3333333333333339,0.541,0.17726920093095422,0.19999999999999996,0.12345679012345678,3.03,3.15,9.0,0.12578616352201255,0.346938775510204,0.4857142857142857,0.5789473684210527,0.03914899955315029,7.580645161290323,0,1,0,0,0,0,1,0,0,0,0,1,1,0,0,0,1,0,0,0,1,0,0,0,0,0,0.06989247311827956
2025-02-21,0.6000000000000001,113,1,0,0.22413793103448265,0.4178861788617887,0.3333333333333339,0.541,0.17920868890612873,0.19999999999999996,0.12345679012345678,3.08,3.15,9.0,0.12578616352201255,0.346938775510204,0.4857142857142857,0.5789473684210527,0.056526488257782614,7.580645161290323,0,1,0,0,0,0,1,0,0,0,1,0,1,0,0,0,1,0,0,0,1,0,0,0,0,0,0.06989247311827956
2025-02-26,0.6000000000000001,129,0,0,0.4206896551724135,0.5967479674796752,0.5299145299145307,0.537,0.3479441427463149,0.19999999999999996,0.25102880658436216,3.39,3.39,8.6,0.2264150943396226,0.26530612244897966,0.3428571428571429,0.42105263157894735,0.09252271486023533,9.038461538461537,0,1,0,0,0,1,0,0,0,0,1,0,1,0,0,0,1,0,0,0,1,0,0,0,0,0,0.06989247311827956
2025-02-27,0.4,115,1,0,0.4206896551724135,0.5967479674796752,0.5299145299145307,0.555,0.3576415826221877,0.19999999999999996,0.25102880658436216,3.39,3.39,8.6,0.2264150943396226,0.26530612244897966,0.3428571428571429,0.42105263157894735,0.08383397050791916,9.038461538461537,0,1,0,0,0,0,1,0,0,0,1,0,1,0,0,0,1,0,0,0,1,0,0,0,0,0,0.06989247311827956
2025-02-28,0.6000000000000001,129,0,0,0.4206896551724135,0.5967479674796752,0.5299145299145307,0.537,0.3479441427463149,0.19999999999999996,0.25102880658436216,3.39,3.39,8.6,0.2264150943396226,0.26530612244897966,0.3428571428571429,0.42105263157894735,0.13596643662181618,9.038461538461537,0,1,0,0,0,1,0,0,0,0,1,0,1,0,0,0,1,0,0,0,1,0,0,0,0,0,0.06989247311827956
2025-03-01,0.4,115,1,0,0.4206896551724135,0.5967479674796752,0.5299145299145307,0.555,0.3576415826221877,0.19999999999999996,0.25102880658436216,3.39,3.39,8.6,0.2264150943396226,0.26530612244897966,0.3428571428571429,0.42105263157894735,0.12727769226950003,9.038461538461537,0,1,0,0,0,0,1,0,0,0,1,0,1,0,0,0,1,0,0,0,1,0,0,0,0,0,0.06989247311827956
2025-03-02,0.4,122,1,0,0.4206896551724135,0.5967479674796752,0.5299145299145307,0.555,0.37044220325833976,0.19999999999999996,0.25102880658436216,3.39,3.39,22.7,0.10062893081761004,0.20408163265306123,0.6285714285714286,0.6842105263157894,0.14093143339456832,6.527777777777778,1,0,0,0,0,0,1,0,0,0,1,0,1,0,0,0,1,0,0,0,0,1,0,0,0,0,0.06989247311827956
2025-03-03,0.4,115,1,0,0.4206896551724135,0.5967479674796752,0.5299145299145307,0.555,0.36346004654771136,0.19999999999999996,0.25102880658436216,3.39,3.39,8.6,0.2264150943396226,0.26530612244897966,0.3428571428571429,0.42105263157894735,0.1521026761332605,9.038461538461537,0,1,0,0,0,1,0,0,0,0,1,0,1,0,0,0,1,0,0,0,1,0,0,0,0,0,0.06989247311827956
2025-03-04,0.4,118,1,0,0.6310344827586207,0.551219512195122,0.49572649572649663,0.544,0.45849495733126444,0.19999999999999996,0.32510288065843623,3.76,3.16,8.0,0.4528301886792453,0.346938775510204,0.14285714285714285,0.2894736842105263,0.32674643761481553,12.36842105263158,0,1,1,0,0,0,1,0,0,0,0,1,1,0,0,0,1,0,0,0,0,0,0,1,0,0,0.06989247311827956
2025-03-05,0.4,122,1,0,0.6310344827586207,0.551219512195122,0.49572649572649663,0.544,0.47013188518231197,0.19999999999999996,0.3004115226337449,3.43,3.64,22.0,0.15094339622641506,0.020408163265306145,0.4857142857142857,0.6052631578947367,0.32833523658209623,7.580645161290323,1,0,0,0,0,0,1,0,0,0,0,1,1,0,0,0,1,0,0,0,0,1,0,0,0,0,0.06989247311827956
2025-03-06,0.2,93,1,0,0.806896551724138,0.8097560975609759,0.8547008547008543,0.565,0.7862684251357641,0.3999999999999999,0.5020576131687242,3.58,3.64,21.5,0.4716981132075472,0.08163265306122436,0.2285714285714286,0.23684210526315785,0.5072737202720818,10.681818181818182,1,0,1,0,0,0,1,0,0,0,0,1,0,1,0,0,1,0,0,0,0,1,0,0,0,0,0.03763440860215054
2025-07-03,0.2,93,1,0,0.806896551724138,0.8097560975609759,0.8547008547008543,0.5870000000000001,0.8774243599689682,0.3999999999999999,0.5020576131687242,3.58,3.64,21.5,0.4716981132075472,0.08163265306122436,0.2285714285714286,0.23684210526315785,0.5742018767687802,10.681818181818182,1,0,1,0,0,0,0,1,0,0,0,1,0,1,0,0,1,0,0,0,0,0,0,1,0,0,0.03763440860215054
2025-03-08,0.4,93,0,0,0.693103448275862,0.7544715447154466,0.8547008547008543,0.5489999999999999,0.7785104732350658,0.3999999999999999,0.5020576131687242,3.58,3.64,21.5,0.4716981132075472,0.08163265306122436,0.2285714285714286,0.23684210526315785,0.5724144779305893,10.681818181818182,1,0,1,0,1,0,0,0,0,0,0,1,0,1,0,0,1,0,0,0,0,1,0,0,0,0,0.03763440860215054
2025-03-09,0.2,93,1,0,0.9999999999999996,1.0,0.9743589743589736,0.563,0.8851823118696664,0.3999999999999999,0.5020576131687242,3.58,3.64,21.5,0.4716981132075472,0.08163265306122436,0.2285714285714286,0.23684210526315785,0.6574152226801053,10.681818181818182,1,0,1,0,0,0,1,0,0,0,0,1,0,1,0,0,1,0,0,0,0,1,0,0,0,0,0.03763440860215054
2025-03-10,0.2,122,1,0,0.9999999999999996,1.0,0.9743589743589736,0.565,0.8735453840186191,1.0,0.7119341563786008,3.46,3.1,8.3,0.6729559748427673,0.24489795918367352,0.05714285714285716,0.05263157894736842,0.7215629809840625,14.6875,0,1,1,0,0,0,1,0,0,0,0,1,1,0,0,0,0,0,1,0,0,0,0,1,0,0,0.03763440860215054
2025-11-03,1.0,142,0,0,0.34482758620689635,0.6373983739837401,0.8717948717948714,0.508,0.8522110162916989,1.0,0.7119341563786008,3.46,3.1,8.3,0.6729559748427673,0.24489795918367352,0.05714285714285716,0.05263157894736842,0.7432103669132615,14.6875,0,1,1,1,0,0,0,0,0,0,0,1,1,0,0,0,0,0,1,0,0,0,0,1,0,0,0.03763440860215054
2025-03-13,0.6000000000000001,122,0,0,0.875862068965517,0.9447154471544712,1.0,0.5539999999999999,0.8638479441427462,1.0,1.0,3.8,3.35,8.0,0.8553459119496855,0.1428571428571428,0.0,0.0,1.0,16.785714285714285,0,1,2,0,1,0,0,0,0,0,0,1,1,0,0,0,0,0,1,0,0,0,0,1,0,0,0.03763440860215054
2025-03-14,0.6000000000000001,122,0,0,0.5551724137931036,0.6065040650406504,0.6581196581196584,0.5479999999999999,0.5515903801396431,0.19999999999999996,0.32510288065843623,3.78,3.12,8.0,0.7987421383647798,0.346938775510204,0.14285714285714285,0.21052631578947367,0.2826324412889132,12.36842105263158,0,1,2,0,0,1,0,0,0,0,0,1,0,1,0,0,1,0,0,0,0,0,0,1,0,0,0.005376344086021506
2025-03-15,0.8,161,0,0,0.2448275862068967,0.2634146341463417,0.35042735042735096,0.508,0.16679596586501166,0.19999999999999996,0.12757201646090538,2.97,3.23,9.4,0.12578616352201255,0.5510204081632655,0.6571428571428573,0.6578947368421053,0.006727570627079071,6.351351351351353,0,1,0,0,0,1,0,0,0,0,1,0,1,0,0,0,1,0,0,0,1,0,0,0,0,0,0.05913978494623656
2025-03-16,0.8,161,0,0,0.2448275862068967,0.2634146341463417,0.35042735042735096,0.508,0.17688130333591934,0.19999999999999996,0.12757201646090538,2.97,3.23,9.4,0.12578616352201255,0.5510204081632655,0.4857142857142857,0.5789473684210527,0.026587557718087462,7.580645161290323,0,1,0,0,0,1,0,0,0,0,1,0,1,0,0,0,1,0,0,0,1,0,0,0,0,0,0.05913978494623656
2025-03-17,0.8,161,0,0,0.2448275862068967,0.2634146341463417,0.35042735042735096,0.508,0.20015515903801395,0.19999999999999996,0.12757201646090538,2.97,3.23,9.4,0.12578616352201255,0.5510204081632655,0.4857142857142857,0.5789473684210527,0.03850354997269251,7.580645161290323,0,1,0,0,0,1,0,0,0,0,1,0,1,0,0,0,1,0,0,0,1,0,0,0,0,0,0.03763440860215054
2025-03-18,0.6000000000000001,161,0,0,0.2206896551724138,0.2634146341463417,0.29914529914529897,0.508,0.25484871993793634,0.19999999999999996,0.15226337448559674,3.03,3.39,7.6,0.339622641509434,0.5510204081632655,0.28571428571428575,0.368421052631579,0.0638250335137282,9.791666666666666,0,1,1,0,0,1,0,0,0,0,1,0,0,1,0,0,1,0,0,0,0,0,0,0,1,0,0.05913978494623656
2025-03-19,1.0,153,0,0,0.3344827586206893,0.5186991869918698,0.435897435897437,0.494,0.34212567882079126,0.19999999999999996,0.20164609053497945,3.17,3.46,7.5,0.4276729559748428,0.5510204081632655,0.2571428571428572,0.368421052631579,0.12017774688446453,10.217391304347826,0,1,1,0,0,1,0,0,0,0,1,0,0,1,0,0,1,0,0,0,0,0,0,0,1,0,0.05913978494623656
2025-03-20,1.0,153,0,0,0.3344827586206893,0.5186991869918698,0.435897435897437,0.494,0.32583397982932505,0.19999999999999996,0.25102880658436216,3.35,3.46,8.5,0.2515723270440251,0.346938775510204,0.31428571428571433,0.42105263157894735,0.0839332704433742,9.4,0,1,0,0,0,1,0,0,0,0,1,0,1,0,0,0,1,0,0,0,1,0,0,0,0,0,0.05913978494623656
2025-03-21,1.0,122,0,0,0.3206896551724139,0.5219512195121947,0.5128205128205119,0.502,0.5217222653219551,0.19999999999999996,0.3909465020576132,3.58,3.86,7.0,0.610062893081761,0.346938775510204,0.14285714285714285,0.21052631578947367,0.18646045380070503,12.36842105263158,0,1,1,0,0,1,0,0,0,0,1,0,0,1,0,0,1,0,0,0,0,0,0,0,1,0,0.05913978494623656
2025-03-23,1.0,122,0,0,0.3206896551724139,0.5219512195121947,0.5128205128205119,0.502,0.5577967416602017,0.19999999999999996,0.3909465020576132,3.59,3.86,7.0,0.610062893081761,0.346938775510204,0.14285714285714285,0.21052631578947367,0.23263492378729955,12.36842105263158,0,1,1,0,0,1,0,0,0,0,1,0,0,1,0,0,1,0,0,0,0,0,0,0,1,0,0.05913978494623656
2025-03-24,0.6000000000000001,125,1,0,0.3344827586206893,0.5089430894308946,0.435897435897437,0.516,0.34018619084561674,0.19999999999999996,0.25102880658436216,3.35,3.46,8.5,0.2515723270440251,0.346938775510204,0.31428571428571433,0.42105263157894735,0.04644754480909585,9.4,0,1,0,0,0,0,1,0,0,0,1,0,1,0,0,0,1,0,0,0,1,0,0,0,0,0,0.05913978494623656
2025-03-25,0.6000000000000001,125,1,0,0.3344827586206893,0.5089430894308946,0.435897435897437,0.516,0.3557020946470132,0.19999999999999996,0.25102880658436216,3.35,3.46,8.5,0.2515723270440251,0.346938775510204,0.31428571428571433,0.42105263157894735,0.07623752544560847,9.4,0,1,0,0,0,0,1,0,0,0,1,0,1,0,0,0,1,0,0,0,1,0,0,0,0,0,0.05913978494623656
2025-03-26,0.6000000000000001,125,1,0,0.3344827586206893,0.5089430894308946,0.435897435897437,0.516,0.3549262994569433,0.19999999999999996,0.20164609053497945,3.17,3.46,7.5,0.4276729559748428,0.5510204081632655,0.2571428571428572,0.368421052631579,0.1032967578571074,10.217391304347826,0,1,1,0,0,0,1,0,0,0,1,0,0,1,0,0,1,0,0,0,0,0,0,0,1,0,0.05913978494623656
2025-03-27,0.2,137,1,0,0.3344827586206893,0.5089430894308946,0.435897435897437,0.516,0.3549262994569433,0.19999999999999996,0.20164609053497945,3.17,3.46,7.5,0.4276729559748428,0.5510204081632655,0.2571428571428572,0.368421052631579,0.1032967578571074,10.217391304347826,0,1,1,0,0,0,1,0,0,0,1,0,1,0,0,0,1,0,0,0,0,0,0,0,1,0,0.05913978494623656
2025-03-28,0.6000000000000001,128,0,0,0.27241379310344804,0.3934959349593501,0.29914529914529897,0.545,0.15554693560899924,0.19999999999999996,0.14814814814814814,3.15,3.29,9.4,0.13207547169811318,0.4285714285714286,0.4857142857142857,0.5526315789473684,0.00945831885209275,7.580645161290323,0,1,0,0,0,0,1,0,0,0,1,0,1,0,0,0,1,0,0,0,1,0,0,0,0,0,0.0913978494623656
2025-03-29,0.6000000000000001,128,0,0,0.27241379310344804,0.3934959349593501,0.29914529914529897,0.545,0.20519782777346784,0.19999999999999996,0.1728395061728395,2.99,3.47,21.9,0.04402515723270439,0.26530612244897966,0.8857142857142857,0.894736842105263,0.04917829303410953,5.222222222222221,1,0,0,0,0,0,1,0,0,0,1,0,1,0,0,0,1,0,0,0,0,1,0,0,0,0,0.0913978494623656
2025-03-30,0.6000000000000001,128,0,0,0.27241379310344804,0.3934959349593501,0.29914529914529897,0.545,0.16679596586501166,0.19999999999999996,0.14814814814814814,3.15,3.29,9.4,0.13207547169811318,0.4285714285714286,0.4857142857142857,0.5526315789473684,0.03800705029541729,7.580645161290323,0,1,0,0,0,0,1,0,0,0,1,0,1,0,0,0,1,0,0,0,1,0,0,0,0,0,0.0913978494623656
2025-03-31,0.6000000000000001,122,1,0,0.27241379310344804,0.3934959349593501,0.29914529914529897,0.545,0.17455391776570983,0.19999999999999996,0.14814814814814814,3.15,3.29,9.4,0.13207547169811318,0.4285714285714286,0.4857142857142857,0.5526315789473684,0.0429720470681694,7.580645161290323,0,1,0,0,0,0,1,0,0,0,1,0,1,0,0,0,1,0,0,0,1,0,0,0,0,0,0.0913978494623656
2025-04-01,0.6000000000000001,103,1,0,0.27241379310344804,0.47317073170731705,0.29914529914529897,0.535,0.20791311093871212,0.19999999999999996,0.14814814814814814,3.15,3.29,9.4,0.13207547169811318,0.4285714285714286,0.4857142857142857,0.5526315789473684,0.05538453900004964,7.580645161290323,0,1,0,0,0,1,0,0,0,0,1,0,1,0,0,0,1,0,0,0,1,0,0,0,0,0,0.0913978494623656
2025-04-02,0.6000000000000001,128,0,0,0.27241379310344804,0.3934959349593501,0.29914529914529897,0.545,0.17959658650116372,0.19999999999999996,0.14814814814814814,3.15,3.29,9.4,0.13207547169811318,0.4285714285714286,0.4857142857142857,0.5526315789473684,0.054143289806861616,7.580645161290323,0,1,0,0,0,0,1,0,0,0,1,0,1,0,0,0,1,0,0,0,1,0,0,0,0,0,0.0913978494623656
2025-04-03,0.6000000000000001,128,0,0,0.27241379310344804,0.39837398373983746,0.29914529914529897,0.5329999999999999,0.20946470131885186,0.19999999999999996,0.14814814814814814,3.15,3.29,9.4,0.13207547169811318,0.4285714285714286,0.4857142857142857,0.5526315789473684,0.06655578173874185,7.580645161290323,0,1,0,0,0,1,0,0,0,0,1,0,1,0,0,0,1,0,0,0,1,0,0,0,0,0,0.0913978494623656
2025-04-04,0.6000000000000001,122,1,0,0.27241379310344804,0.3934959349593501,0.29914529914529897,0.545,0.1873545384018619,0.19999999999999996,0.14814814814814814,3.15,3.29,9.4,0.13207547169811318,0.4285714285714286,0.4857142857142857,0.5526315789473684,0.05910828657961373,7.580645161290323,0,1,0,0,0,0,1,0,0,0,1,0,1,0,0,0,1,0,0,0,1,0,0,0,0,0,0.0913978494623656
2025-04-05,0.6000000000000001,103,1,0,0.27241379310344804,0.47317073170731705,0.29914529914529897,0.535,0.212955779674166,0.19999999999999996,0.14814814814814814,3.15,3.29,9.4,0.13207547169811318,0.4285714285714286,0.4857142857142857,0.5526315789473684,0.07152077851149397,7.580645161290323,0,1,0,0,0,0,0,1,0,0,1,0,1,0,0,0,1,0,0,0,1,0,0,0,0,0,0.0913978494623656
2025-04-06,0.8,168,0,0,0.29310344827586166,0.34634146341463445,0.29914529914529897,0.5329999999999999,0.20170674941815359,0.19999999999999996,0.14814814814814814,3.15,3.29,9.4,0.13207547169811318,0.4285714285714286,0.4857142857142857,0.5526315789473684,0.0777270244774341,7.580645161290323,0,1,0,0,1,0,0,0,0,0,1,0,1,0,0,0,1,0,0,0,1,0,0,0,0,0,0.0913978494623656
2025-04-07,0.4,106,1,0,0.3655172413793104,0.5252032520325205,0.4188034188034191,0.547,0.3242823894491854,0.19999999999999996,0.24279835390946503,3.33,3.47,8.5,0.30817610062893086,0.4285714285714286,0.3714285714285714,0.4736842105263157,0.09510451318206642,8.703703703703704,0,1,0,0,0,1,0,0,0,0,1,0,1,0,0,0,1,0,0,0,1,0,0,0,0,0,0.0913978494623656
2025-08-04,0.4,106,1,0,0.3655172413793104,0.5252032520325205,0.4188034188034191,0.547,0.3157486423584174,0.19999999999999996,0.24279835390946503,3.33,3.47,8.5,0.30817610062893086,0.4285714285714286,0.3714285714285714,0.4736842105263157,0.10999950350032273,8.703703703703704,0,1,0,0,0,0,1,0,0,0,1,0,1,0,0,0,1,0,0,0,1,0,0,0,0,0,0.0913978494623656
2025-04-09,0.4,128,1,0,0.4758620689655175,0.6601626016260163,0.5299145299145307,0.551,0.6233514352211016,0.6000000000000001,0.4938271604938272,3.43,3.27,9.0,0.6540880503144654,0.4285714285714286,0.08571428571428574,0.1578947368421053,0.20805818976217666,13.823529411764708,0,1,1,0,0,0,1,0,0,0,1,0,1,0,0,0,0,0,1,0,0,0,0,1,0,0,0.0913978494623656
2025-04-10,0.4,108,1,0,0.4758620689655175,0.7073170731707319,0.5299145299145307,0.561,0.7013188518231186,0.6000000000000001,0.4938271604938272,3.43,3.27,9.0,0.6540880503144654,0.4285714285714286,0.08571428571428574,0.1578947368421053,0.2304006752395611,13.823529411764708,0,1,1,0,0,0,0,1,0,0,1,0,1,0,0,0,0,0,1,0,0,0,0,1,0,0,0.0913978494623656
2025-12-04,1.0,194,0,0,0.16206896551724137,0.4813008130081302,0.6495726495726499,0.49700000000000005,0.6140418929402638,0.6000000000000001,0.4938271604938272,3.43,3.27,9.0,0.7044025157232704,0.4285714285714286,0.14285714285714285,0.23684210526315785,0.2999106300580905,12.36842105263158,0,1,2,0,0,1,0,0,0,0,0,1,1,0,0,0,0,0,1,0,0,0,0,1,0,0,0.0913978494623656
2025-04-13,1.0,194,0,0,0.16206896551724137,0.4813008130081302,0.6495726495726499,0.49700000000000005,0.6404189294026377,0.6000000000000001,0.4938271604938272,3.43,3.27,7.8,0.9559748427672957,0.4285714285714286,0.08571428571428574,0.1842105263157895,0.3619730897174917,13.823529411764708,0,1,2,0,0,1,0,0,0,0,0,1,0,1,0,0,0,0,1,0,0,0,0,1,0,0,0.0913978494623656
2025-04-14,0.6000000000000001,231,0,0,0.43448275862068986,0.6081300813008137,0.6495726495726499,0.49700000000000005,0.6404189294026377,0.6000000000000001,0.4938271604938272,3.43,3.27,9.0,0.7044025157232704,0.4285714285714286,0.14285714285714285,0.23684210526315785,0.32970061069460305,12.36842105263158,0,1,2,0,0,1,0,0,0,0,0,1,1,0,0,0,0,0,1,0,0,0,0,1,0,0,0.0913978494623656
2025-04-15,0.4,161,1,0,0.7344827586206897,0.7414634146341461,0.6923076923076925,0.5670000000000001,0.5942591155934833,0.19999999999999996,0.24279835390946503,3.46,3.19,8.4,0.30817610062893086,0.346938775510204,0.14285714285714285,0.21052631578947367,0.16836304056402362,12.36842105263158,0,1,0,0,0,0,1,0,0,0,0,1,1,0,0,1,0,0,0,0,0,0,0,1,0,0,0.053763440860215055
2025-04-16,0.4,161,1,0,0.7344827586206897,0.7414634146341461,0.6923076923076925,0.5670000000000001,0.6629169899146625,0.19999999999999996,0.37448559670781895,3.7,3.52,21.0,0.2955974842767295,0.0,0.39999999999999997,0.4473684210526315,0.20063551958691228,8.392857142857142,1,0,0,0,0,0,1,0,0,0,0,1,0,1,0,1,0,0,0,0,0,1,0,0,0,0,0.053763440860215055
2025-04-17,0.4,122,1,0,0.9517241379310346,0.9398373983739838,0.6923076923076925,0.5870000000000001,0.6757176105508145,0.19999999999999996,0.24279835390946503,3.46,3.19,8.4,0.30817610062893086,0.346938775510204,0.14285714285714285,0.21052631578947367,0.18176853185045427,12.36842105263158,0,1,0,0,0,0,0,1,0,0,0,1,1,0,0,1,0,0,0,0,0,0,0,1,0,0,0.053763440860215055
2025-04-18,0.4,122,1,0,0.9517241379310346,0.9398373983739838,0.6923076923076925,0.5870000000000001,0.7532971295577968,0.19999999999999996,0.37448559670781895,3.7,3.52,21.0,0.2955974842767295,0.0,0.31428571428571433,0.23684210526315785,0.2170200089369942,9.4,1,0,0,0,0,0,0,1,0,0,0,1,0,1,0,1,0,0,0,0,0,1,0,0,0,0,0.053763440860215055
2025-04-19,0.4,161,1,0,0.7344827586206897,0.7414634146341461,0.6923076923076925,0.5670000000000001,0.6155934833204033,0.19999999999999996,0.24279835390946503,3.46,2.19,8.4,0.2955974842767295,0.346938775510204,0.14285714285714285,0.21052631578947367,0.25971898118266223,12.36842105263158,0,1,0,0,0,0,1,0,0,0,0,1,1,0,0,1,0,0,0,0,0,0,0,1,0,0,0.053763440860215055
2025-04-20,0.4,161,1,0,0.7344827586206897,0.7414634146341461,0.6923076923076925,0.5670000000000001,0.6842513576415825,0.19999999999999996,0.37448559670781895,3.7,3.52,21.0,0.2955974842767295,0.0,0.39999999999999997,0.4473684210526315,0.29248795988282605,8.392857142857142,1,0,0,0,0,0,1,0,0,0,0,1,0,1,0,1,0,0,0,0,0,1,0,0,0,0,0.053763440860215055
2025-04-21,0.4,122,1,0,0.9517241379310346,0.9398373983739838,0.6923076923076925,0.5670000000000001,0.6970519782777347,0.19999999999999996,0.24279835390946503,3.46,2.19,8.4,0.2955974842767295,0.346938775510204,0.14285714285714285,0.21052631578947367,0.2873988381907552,12.36842105263158,0,1,0,0,0,0,0,1,0,0,0,1,1,0,0,1,0,0,0,0,0,0,0,1,0,0,0.1774193548387097
2025-04-22,0.4,122,1,0,0.9517241379310346,0.9398373983739838,0.6923076923076925,0.5870000000000001,0.7746314972847168,0.19999999999999996,0.37448559670781895,3.7,3.52,21.0,0.2955974842767295,0.0,0.31428571428571433,0.23684210526315785,0.2968323320589842,9.4,1,0,0,0,0,0,0,1,0,0,0,1,0,1,0,1,0,0,0,0,0,1,0,0,0,0,0.053763440860215055
2025-04-23,0.4,161,1,0,0.7344827586206897,0.7414634146341461,0.6923076923076925,0.5670000000000001,0.6155934833204033,0.19999999999999996,0.24279835390946503,3.46,3.19,8.4,0.30817610062893086,0.346938775510204,0.14285714285714285,0.21052631578947367,0.28578521423961073,12.36842105263158,0,1,0,0,0,0,1,0,0,0,0,1,1,0,0,1,0,0,0,0,0,0,0,1,0,0,0.053763440860215055
2025-04-24,0.4,161,1,0,0.7344827586206897,0.7414634146341461,0.6923076923076925,0.5670000000000001,0.6842513576415825,0.19999999999999996,0.37448559670781895,3.7,3.52,21.0,0.2955974842767295,0.0,0.39999999999999997,0.4473684210526315,0.3185541929397746,8.392857142857142,1,0,0,0,0,0,1,0,0,0,0,1,0,1,0,1,0,0,0,0,0,1,0,0,0,0,0.053763440860215055
2025-04-25,0.4,161,1,0,0.7379310344827585,0.7414634146341461,0.683760683760684,0.56,0.6369278510473235,0.19999999999999996,0.3004115226337449,3.61,3.21,7.0,0.5911949685534591,0.5918367346938773,0.11428571428571427,0.21052631578947367,0.3235191897125267,13.055555555555555,0,1,1,0,0,0,1,0,0,0,0,1,0,1,0,1,0,0,0,0,0,0,0,1,0,0,0.053763440860215055
2025-04-26,0.6000000000000001,119,0,0,0.2448275862068967,0.2634146341463417,0.29914529914529897,0.508,0.16679596586501166,0.19999999999999996,0.11934156378600824,2.97,3.23,9.4,0.12578616352201255,0.5510204081632655,0.6571428571428573,0.6578947368421053,0.01127054267414726,6.351351351351353,0,1,0,0,0,1,0,0,0,0,1,0,1,0,0,0,1,0,0,0,1,0,0,0,0,0,0.03225806451612903
2025-04-27,0.6000000000000001,119,0,0,0.2448275862068967,0.2634146341463417,0.29914529914529897,0.508,0.24825446082234293,0.19999999999999996,0.15226337448559674,3.03,3.39,7.6,0.339622641509434,0.5510204081632655,0.28571428571428575,0.368421052631579,0.07047812918921603,9.791666666666666,0,1,1,0,0,1,0,0,0,0,1,0,0,1,0,0,1,0,0,0,0,0,0,0,1,0,0.03225806451612903
2025-04-28,0.6000000000000001,154,1,0,0.2448275862068967,0.2634146341463417,0.29914529914529897,0.506,0.18580294802172226,0.19999999999999996,0.11934156378600824,2.97,3.23,9.4,0.12578616352201255,0.5510204081632655,0.4857142857142857,0.5789473684210527,0.0275805570726379,7.580645161290323,0,1,0,0,0,1,0,0,0,0,1,0,1,0,0,0,1,0,0,0,1,0,0,0,0,0,0.03225806451612903
2025-04-29,0.6000000000000001,154,1,0,0.2448275862068967,0.42601626016260186,0.29914529914529897,0.508,0.1943366951124903,0.19999999999999996,0.11934156378600824,2.97,3.23,9.4,0.12578616352201255,0.5510204081632655,0.4857142857142857,0.5789473684210527,0.039074524601558996,7.580645161290323,0,1,0,0,0,0,1,0,0,0,1,0,1,0,0,0,1,0,0,0,1,0,0,0,0,0,0.03225806451612903
2025-04-30,0.6000000000000001,154,1,0,0.2448275862068967,0.42601626016260186,0.29914529914529897,0.508,0.2726920093095423,0.19999999999999996,0.15226337448559674,2.97,3.23,9.4,0.12578616352201255,0.5510204081632655,0.4857142857142857,0.5789473684210527,0.06183903480462738,7.580645161290323,0,1,0,0,0,0,1,0,0,0,1,0,1,0,0,0,1,0,0,0,1,0,0,0,0,0,0.03225806451612903
2025-02-05,1.0,122,0,0,0.3206896551724139,0.5219512195121947,0.5128205128205119,0.502,0.5159038013964314,0.19999999999999996,0.3909465020576132,3.59,3.86,7.0,0.610062893081761,0.346938775510204,0.14285714285714285,0.21052631578947367,0.18981182662231272,12.36842105263158,0,1,1,0,0,1,0,0,0,0,0,1,0,1,0,0,1,0,0,0,0,0,0,0,1,0,0.03225806451612903
2025-05-03,1.0,186,0,0,0.27241379310344804,0.45203252032520336,0.683760683760684,0.502,0.5003878975950349,0.19999999999999996,0.3703703703703704,3.94,3.11,9.5,0.5974842767295597,0.5510204081632655,0.14285714285714285,0.2894736842105263,0.41954222729755225,12.36842105263158,0,1,1,0,0,1,0,0,0,0,0,1,1,0,0,0,1,0,0,0,0,0,0,1,0,0,0.021505376344086023
2025-05-04,1.0,122,0,1,0.10000000000000009,0.45203252032520336,0.40170940170940206,0.516,0.49185415050426684,0.6000000000000001,0.5473251028806585,3.74,2.9,9.5,1.0,0.7142857142857142,0.08571428571428574,0.23684210526315785,0.6804528077056751,13.823529411764708,0,1,2,0,1,0,0,0,0,0,0,1,1,0,0,0,0,1,0,0,0,0,0,1,0,0,0.021505376344086023
2025-05-05,1.0,122,0,1,0.10000000000000009,0.45203252032520336,0.40170940170940206,0.516,0.49185415050426684,0.6000000000000001,0.5473251028806585,3.74,2.9,9.5,1.0,0.7142857142857142,0.08571428571428574,0.23684210526315785,0.7176902835013157,13.823529411764708,0,1,2,0,1,0,0,0,0,0,0,1,1,0,0,0,0,1,0,0,0,0,0,1,0,0,0.021505376344086023
2025-06-05,1.0,122,0,1,0.10000000000000009,0.45203252032520336,0.40170940170940206,0.516,0.5089216446858029,0.6000000000000001,0.5473251028806585,3.74,2.9,9.5,1.0,0.7142857142857142,0.08571428571428574,0.23684210526315785,0.7921652350925972,13.823529411764708,0,1,2,1,0,0,0,0,0,0,0,1,1,0,0,0,0,1,0,0,0,0,0,1,0,0,0.021505376344086023
2025-05-07,0.4,122,1,0,0.3275862068965516,0.6569105691056913,0.5299145299145307,0.552,0.42319627618308764,0.19999999999999996,0.2921810699588478,3.46,3.9,8.7,0.35381231217275466,0.3981099829094197,0.2571428571428572,0.39473684210526316,0.10369395759892755,10.217391304347826,0,1,1,0,0,0,0,1,0,0,1,0,1,0,0,0,1,0,0,0,0,0,0,1,0,0,0.010752688172043012
2025-05-08,0.8,122,0,0,0.3275862068965516,0.5804878048780489,0.5384615384615392,0.505,0.3770364623739333,0.19999999999999996,0.2921810699588478,3.46,3.9,8.7,0.35381231217275466,0.3981099829094197,0.2571428571428572,0.39473684210526316,0.11858894791718386,10.217391304347826,0,1,1,0,0,1,0,0,0,0,1,0,1,0,0,0,1,0,0,0,0,0,0,1,0,0,0.010752688172043012
2025-05-09,1.0,150,0,0,0.43103448275862055,0.7398373983739837,0.5299145299145307,0.561,0.45384018619084565,0.19999999999999996,0.24691358024691362,3.54,3.07,9.31,0.389937106918239,0.4489795918367345,0.2,0.3157894736842105,0.1671217913708356,11.190476190476188,0,1,1,0,0,1,0,0,0,0,1,0,1,0,0,0,1,0,0,0,0,0,0,1,0,0,0.03225806451612903
2025-10-05,0.8,104,1,0,0.43103448275862055,0.7398373983739837,0.5299145299145307,0.561,0.46819239720713735,0.19999999999999996,0.24691358024691362,3.54,3.07,9.3,0.389937106918239,0.4489795918367345,0.2,0.3157894736842105,0.17506578620723895,11.190476190476188,0,1,1,0,0,0,1,0,0,0,1,0,1,0,0,0,1,0,0,0,0,0,0,1,0,0,0.03225806451612903
2025-05-11,1.0,150,0,0,0.43103448275862055,0.7398373983739837,0.5299145299145307,0.561,0.47284716834755613,0.19999999999999996,0.24691358024691362,2.54,2.07,9.3,0.389937106918239,0.4489795918367345,0.2,0.3157894736842105,0.24631348989623159,11.190476190476188,0,1,1,0,0,1,0,0,0,0,1,0,1,0,0,0,1,0,0,0,0,0,0,1,0,0,0.03225806451612903
2025-05-12,0.8,104,1,0,0.43103448275862055,0.7398373983739837,0.5299145299145307,0.561,0.4926299456943366,0.19999999999999996,0.24691358024691362,3.54,3.07,9.3,0.389937106918239,0.4489795918367345,0.2,0.3157894736842105,0.257981232312199,11.190476190476188,0,1,1,0,0,0,1,0,0,0,1,0,1,0,0,0,1,0,0,0,0,0,0,1,0,0,0.03225806451612903
2025-05-13,1.0,150,0,0,0.43103448275862055,0.7398373983739837,0.5299145299145307,0.561,0.5120248254460822,0.19999999999999996,0.24691358024691362,3.54,3.07,9.0,0.7044025157232704,0.5510204081632655,0.14285714285714285,0.26315789473684204,0.3235191897125267,12.36842105263158,0,1,2,0,0,1,0,0,0,0,1,0,0,1,1,0,0,0,0,0,0,0,0,1,0,0,0.03225806451612903
2025-05-14,0.8,104,1,0,0.43103448275862055,0.7398373983739837,0.5299145299145307,0.561,0.5271528316524436,0.19999999999999996,0.24691358024691362,3.54,3.07,9.0,0.7044025157232704,0.5510204081632655,0.14285714285714285,0.26315789473684204,0.3351869321284941,12.36842105263158,0,1,2,0,0,0,1,0,0,0,1,0,0,1,1,0,0,0,0,0,0,0,0,1,0,0,0.03225806451612903
2025-05-15,0.8,83,0,0,0.2448275862068967,0.25691056910569143,0.2649572649572649,0.537,0.2179984484096199,0.19999999999999996,0.14814814814814814,3.62,2.36,9.0,0.13207547169811318,0.30612244897959173,0.4857142857142857,0.5263157894736842,0.0,7.580645161290323,0,1,0,0,0,1,0,0,0,0,1,0,1,0,0,0,0,1,0,0,1,0,0,0,0,0,0.05913978494623656
2025-05-16,0.8,83,0,0,0.2448275862068967,0.2731707317073173,0.28205128205128194,0.537,0.24515128006206366,0.19999999999999996,0.1934156378600823,3.62,2.64,8.7,0.1572327044025157,0.1020408163265305,0.3428571428571429,0.39473684210526316,0.04803634377637653,9.038461538461537,0,1,0,0,0,1,0,0,0,0,1,0,1,0,0,0,0,1,0,0,1,0,0,0,0,0,0.05913978494623656
2025-05-17,0.8,83,0,0,0.23103448275862037,0.2634146341463417,0.29914529914529897,0.557,0.2916989914662529,0.19999999999999996,0.1934156378600823,3.62,2.64,8.7,0.1572327044025157,0.1020408163265305,0.3428571428571429,0.39473684210526316,0.061690084901444814,9.038461538461537,0,1,0,0,0,1,0,0,1,0,0,0,1,0,0,0,0,1,0,0,1,0,0,0,0,0,0.05913978494623656
2025-05-18,0.4,102,1,0,0.3655172413793104,0.5024390243902439,0.435897435897437,0.525,0.25484871993793634,0.19999999999999996,0.1934156378600823,3.62,2.64,9.5,0.21383647798742134,0.26530612244897966,0.5142857142857142,0.5526315789473684,0.049848567598431065,7.34375,0,1,0,0,0,0,1,0,0,0,1,0,1,0,0,0,0,1,0,0,1,0,0,0,0,0,0.05913978494623656
2025-05-19,0.4,102,1,0,0.3655172413793104,0.5024390243902439,0.435897435897437,0.525,0.2723041117145074,0.19999999999999996,0.1934156378600823,3.62,2.64,9.5,0.21383647798742134,0.1020408163265305,0.39999999999999997,0.4473684210526315,0.06595998212601162,8.392857142857142,0,1,0,0,0,0,1,0,0,0,1,0,1,0,0,0,0,1,0,0,1,0,0,0,0,0,0.05913978494623656
2025-05-20,0.4,102,1,0,0.3655172413793104,0.5024390243902439,0.435897435897437,0.525,0.33048875096974395,0.19999999999999996,0.1934156378600823,3.62,2.64,9.0,0.28930817610062887,0.4285714285714286,0.3428571428571429,0.42105263157894735,0.12020257186832828,9.038461538461537,0,1,0,0,0,0,1,0,0,0,1,0,1,0,0,0,0,1,0,0,0,0,0,1,0,0,0.05913978494623656
2025-05-22,0.4,102,1,0,0.35862068965517224,0.5024390243902439,0.435897435897437,0.5429999999999999,0.39643134212567877,0.19999999999999996,0.1934156378600823,3.62,2.64,7.7,0.39622641509433965,0.26530612244897966,0.28571428571428575,0.3421052631578947,0.15245022590735313,9.791666666666666,0,1,1,0,0,0,1,0,1,0,0,0,0,1,0,0,0,1,0,0,0,0,0,1,0,0,0.05913978494623656
2025-05-23,0.4,89,1,0,0.35862068965517224,0.526829268292683,0.435897435897437,0.53,0.3110938712179985,0.19999999999999996,0.1934156378600823,3.62,2.64,9.0,0.21383647798742134,0.26530612244897966,0.39999999999999997,0.42105263157894735,0.05821458716051833,8.392857142857142,0,1,0,0,0,0,0,1,0,0,1,0,1,0,0,0,0,1,0,0,1,0,0,0,0,0,0.05913978494623656
2025-05-24,0.4,89,1,0,0.35862068965517224,0.526829268292683,0.435897435897437,0.53,0.37509697439875866,0.19999999999999996,0.1934156378600823,3.62,2.64,9.0,0.28930817610062887,0.4285714285714286,0.31428571428571433,0.39473684210526316,0.12611091802790325,9.4,0,1,0,0,0,0,0,1,0,0,1,0,1,0,0,0,0,1,0,0,0,0,0,1,0,0,0.05913978494623656
2025-05-25,0.4,85,1,0,0.3551724137931038,0.5284552845528458,0.435897435897437,0.5489999999999999,0.36152055857253684,0.19999999999999996,0.1934156378600823,3.62,2.64,9.0,0.21383647798742134,0.26530612244897966,0.2571428571428572,0.3421052631578947,0.07186832828558662,10.217391304347826,0,1,0,0,0,0,0,1,1,0,0,0,1,0,0,0,0,1,0,0,1,0,0,0,0,0,0.05913978494623656
2025-05-26,0.4,85,1,0,0.3551724137931038,0.5284552845528458,0.435897435897437,0.5489999999999999,0.4507370054305664,0.19999999999999996,0.1934156378600823,3.62,2.64,7.7,0.39622641509433965,0.26530612244897966,0.2571428571428572,0.1842105263157895,0.16324909388808895,10.217391304347826,0,1,1,0,0,0,0,1,1,0,0,0,0,1,0,0,0,1,0,0,0,0,0,1,0,0,0.05913978494623656
2025-05-27,0.6000000000000001,87,0,0,0.31379310344827616,0.2861788617886183,0.28205128205128194,0.545,0.19278510473235067,0.19999999999999996,0.12757201646090538,3.05,3.03,9.0,0.08805031446540879,0.26530612244897966,0.6000000000000001,0.6052631578947367,0.005709746288664913,6.7142857142857135,0,1,0,0,0,1,0,0,0,0,1,0,1,0,0,0,1,0,0,0,1,0,0,0,0,0,0.1774193548387097
2025-05-28,0.6000000000000001,87,0,0,0.31379310344827616,0.2861788617886183,0.28205128205128194,0.545,0.21411947245927077,0.19999999999999996,0.12757201646090538,3.05,3.03,9.0,0.08805031446540879,0.26530612244897966,0.4857142857142857,0.5789473684210527,0.030286480313787778,7.580645161290323,0,1,0,0,0,1,0,0,0,0,1,0,1,0,0,0,1,0,0,0,1,0,0,0,0,0,0.1774193548387097
2025-05-29,0.6000000000000001,74,1,0,0.31379310344827616,0.2861788617886183,0.28205128205128194,0.545,0.20442203258339797,0.19999999999999996,0.12757201646090538,3.05,3.03,9.0,0.08805031446540879,0.26530612244897966,0.4857142857142857,0.5789473684210527,0.03401022789335187,7.580645161290323,0,1,0,0,0,1,0,0,0,0,1,0,1,0,0,0,1,0,0,0,1,0,0,0,0,0,0.1774193548387097
2025-05-30,0.4,77,1,0,0.31379310344827616,0.46504065040650433,0.28205128205128194,0.591,0.30721489526764933,0.19999999999999996,0.12757201646090538,3.05,3.03,9.0,0.08805031446540879,0.26530612244897966,0.4857142857142857,0.5526315789473684,0.044684970954768866,7.580645161290323,0,1,0,0,0,0,0,1,0,0,1,0,1,0,0,0,1,0,0,0,1,0,0,0,0,0,0.1774193548387097
2025-05-31,0.4,81,1,0,0.31379310344827616,0.46504065040650433,0.28205128205128194,0.591,0.3110938712179985,0.19999999999999996,0.12757201646090538,3.05,3.03,9.0,0.08805031446540879,0.26530612244897966,0.3714285714285714,0.42105263157894735,0.06901345514125415,8.703703703703704,0,1,0,0,0,0,0,1,1,0,0,0,1,0,0,0,1,0,0,0,1,0,0,0,0,0,0.1774193548387097
2025-06-01,0.4,91,1,0,0.31379310344827616,0.46504065040650433,0.28205128205128194,0.591,0.6291698991466252,0.19999999999999996,0.12757201646090538,3.05,3.03,9.0,0.08805031446540879,0.26530612244897966,0.3714285714285714,0.42105263157894735,0.09085944094136339,8.703703703703704,0,1,0,0,0,0,0,1,1,0,0,0,1,0,0,0,1,0,0,0,1,0,0,0,0,0,0.1774193548387097
2025-06-02,0.4,91,1,0,0.31379310344827616,0.409756097560976,0.35042735042735096,0.53,0.2300232738557021,0.19999999999999996,0.15226337448559674,3.19,3.03,9.0,0.1383647798742138,0.26530612244897966,0.45714285714285713,0.5526315789473684,0.045181470632044085,7.833333333333332,0,1,0,0,0,0,1,0,0,0,1,0,1,0,0,0,1,0,0,0,1,0,0,0,0,0,0.1774193548387097
2025-03-06,0.4,91,1,0,0.31379310344827616,0.409756097560976,0.35042735042735096,0.528,0.24088440651667964,0.19999999999999996,0.15226337448559674,3.19,3.03,9.0,0.1383647798742138,0.26530612244897966,0.45714285714285713,0.5526315789473684,0.0516359664366218,7.833333333333332,0,1,0,0,0,1,0,0,0,0,1,0,1,0,0,0,1,0,0,0,1,0,0,0,0,0,0.1774193548387097
2025-06-04,0.4,91,1,0,0.31379310344827616,0.409756097560976,0.35042735042735096,0.53,0.3052754072924748,0.19999999999999996,0.20164609053497945,3.27,3.35,22.5,0.05031446540880502,0.1428571428571428,0.5714285714285714,0.5263157894736842,0.06901345514125415,6.911764705882352,1,0,0,0,0,0,1,0,0,0,1,0,1,0,0,0,1,0,0,0,0,1,0,0,0,0,0.1774193548387097
2025-06-05,0.4,91,1,0,0.31379310344827616,0.409756097560976,0.35042735042735096,0.528,0.3052754072924748,0.19999999999999996,0.20164609053497945,3.27,3.35,22.5,0.05031446540880502,0.1428571428571428,0.6857142857142857,0.8157894736842104,0.0662827069162405,6.184210526315789,1,0,0,0,0,1,0,0,0,0,1,0,1,0,0,0,1,0,0,0,0,1,0,0,0,0,0.1774193548387097
2025-06-06,0.4,91,1,0,0.31379310344827616,0.409756097560976,0.35042735042735096,0.53,0.23506594259115587,0.19999999999999996,0.15226337448559674,3.19,3.03,9.0,0.1383647798742138,0.26530612244897966,0.6857142857142857,0.8157894736842104,0.06504145772305248,6.184210526315789,0,1,0,0,0,0,1,0,0,0,1,0,1,0,0,0,1,0,0,0,1,0,0,0,0,0,0.1774193548387097
2025-07-06,0.4,91,1,0,0.31379310344827616,0.409756097560976,0.35042735042735096,0.528,0.24592707525213342,0.19999999999999996,0.15226337448559674,3.19,3.03,9.0,0.1383647798742138,0.26530612244897966,0.39999999999999997,0.4736842105263157,0.08043294771858397,8.392857142857142,0,1,0,0,0,1,0,0,0,0,1,0,1,0,0,0,1,0,0,0,1,0,0,0,0,0,0.1774193548387097
2025-06-08,0.4,91,1,0,0.31379310344827616,0.409756097560976,0.35042735042735096,0.528,0.2529092319627618,0.19999999999999996,0.15226337448559674,3.19,3.03,9.0,0.1383647798742138,0.26530612244897966,0.39999999999999997,0.4736842105263157,0.10277543319596841,8.392857142857142,0,1,0,0,0,0,1,0,0,0,1,0,1,0,0,0,1,0,0,0,1,0,0,0,0,0,0.1774193548387097
2025-06-09,0.6000000000000001,168,0,0,0.27241379310344804,0.448780487804878,0.316239316239316,0.526,0.26415826221877425,0.19999999999999996,0.15226337448559674,3.19,3.03,9.0,0.1383647798742138,0.26530612244897966,0.42857142857142855,0.4736842105263157,0.07298545255945582,8.103448275862071,0,1,0,0,0,0,1,0,0,0,0,1,1,0,0,0,1,0,0,0,1,0,0,0,0,0,0.1774193548387097
2025-06-10,0.6000000000000001,168,0,0,0.27241379310344804,0.448780487804878,0.316239316239316,0.526,0.2777346780449961,0.19999999999999996,0.15226337448559674,3.19,3.03,9.0,0.1383647798742138,0.26530612244897966,0.42857142857142855,0.4736842105263157,0.07745394965493271,8.103448275862071,0,1,0,0,0,1,0,0,0,0,0,1,1,0,0,0,1,0,0,0,1,0,0,0,0,0,0.1774193548387097
2025-11-06,0.6000000000000001,168,0,0,0.27241379310344804,0.448780487804878,0.316239316239316,0.526,0.3013964313421257,0.19999999999999996,0.15226337448559674,3.24,3.08,9.4,0.4025157232704403,0.9999999999999998,0.3428571428571429,0.3421052631578947,0.10376843255051885,9.038461538461537,0,1,1,0,0,0,1,0,0,0,0,1,1,0,1,0,0,0,0,0,0,0,0,1,0,0,0.1774193548387097
2025-06-12,0.6000000000000001,168,0,0,0.27241379310344804,0.448780487804878,0.316239316239316,0.526,0.3149728471683475,0.19999999999999996,0.15226337448559674,3.24,3.08,9.4,0.4025157232704403,0.9999999999999998,0.3428571428571429,0.3421052631578947,0.10972642867782137,9.038461538461537,0,1,1,0,0,1,0,0,0,0,0,1,1,0,1,0,0,0,0,0,0,0,0,1,0,0,0.1774193548387097
2025-06-13,0.8,134,0,0,0.4068965517241381,0.5707317073170732,0.4529914529914514,0.52,0.4080682699767262,0.19999999999999996,0.3497942386831276,3.62,3.5,9.3,0.4276729559748428,0.26530612244897966,0.28571428571428575,0.368421052631579,0.08269202125018618,9.791666666666666,0,1,1,0,1,0,0,0,0,0,0,1,1,0,0,0,1,0,0,0,0,0,0,1,0,0,0.1774193548387097
2025-06-14,0.8,134,0,0,0.4068965517241381,0.5707317073170732,0.4529914529914514,0.52,0.40651667959658644,0.19999999999999996,0.3497942386831276,3.62,3.5,9.3,0.4276729559748428,0.26530612244897966,0.28571428571428575,0.368421052631579,0.11223375204806116,9.791666666666666,0,1,1,0,1,0,0,0,0,0,0,1,1,0,0,0,1,0,0,0,0,0,0,1,0,0,0.1774193548387097
2025-06-15,0.8,134,0,0,0.4068965517241381,0.5707317073170732,0.4529914529914514,0.52,0.4123351435221102,0.19999999999999996,0.3497942386831276,3.62,3.5,9.3,0.4276729559748428,0.26530612244897966,0.28571428571428575,0.368421052631579,0.12092249640037733,9.791666666666666,0,1,1,0,0,1,0,0,0,0,0,1,1,0,0,0,1,0,0,0,0,0,0,1,0,0,0.1774193548387097
2025-06-16,0.8,134,0,0,0.4068965517241381,0.5707317073170732,0.4529914529914514,0.52,0.4619860356865788,0.19999999999999996,0.3497942386831276,3.62,3.5,9.3,0.4276729559748428,0.26530612244897966,0.28571428571428575,0.368421052631579,0.15096072687552753,9.791666666666666,0,1,1,0,1,0,0,0,0,0,0,1,1,0,0,0,1,0,0,0,0,0,0,1,0,0,0.1774193548387097
2025-06-17,0.8,134,0,0,0.4068965517241381,0.5707317073170732,0.4529914529914514,0.52,0.4755624515128005,0.19999999999999996,0.3497942386831276,3.62,3.5,9.3,0.4276729559748428,0.26530612244897966,0.28571428571428575,0.368421052631579,0.15964947122784368,9.791666666666666,0,1,1,0,0,1,0,0,0,0,0,1,1,0,0,0,1,0,0,0,0,0,0,1,0,0,0.1774193548387097
2025-06-18,0.8,134,0,0,0.4068965517241381,0.5707317073170732,0.4529914529914514,0.53,0.5768037238169124,0.19999999999999996,0.3497942386831276,3.62,3.5,9.3,0.4276729559748428,0.26530612244897966,0.28571428571428575,0.368421052631579,0.3115783724740579,9.791666666666666,0,1,1,1,0,0,0,0,0,0,0,1,1,0,0,0,1,0,0,0,0,0,0,1,0,0,0.1774193548387097
2025-06-19,0.2,65,1,0,0.5448275862068965,0.5609756097560976,0.5299145299145307,0.5489999999999999,0.3250581846392552,0.19999999999999996,0.25102880658436216,3.31,3.54,8.7,0.2767295597484276,0.020408163265306145,0.42857142857142855,0.4736842105263157,0.09507968819820267,8.103448275862071,0,1,0,0,0,0,1,0,0,0,1,0,1,0,0,0,1,0,0,0,0,0,0,1,0,0,0.1774193548387097
2025-06-20,0.2,65,1,0,0.5448275862068965,0.5609756097560976,0.5299145299145307,0.5489999999999999,0.38479441427463146,0.19999999999999996,0.20164609053497945,3.27,3.35,22.5,0.1572327044025157,0.1428571428571428,0.45714285714285713,0.4473684210526315,0.13852340995978352,7.833333333333332,1,0,0,0,0,0,1,0,0,0,1,0,0,1,0,0,1,0,0,0,0,1,0,0,0,0,0.1774193548387097
2025-06-21,0.2,65,1,0,0.5448275862068965,0.5609756097560976,0.5299145299145307,0.539,0.35919317300232734,0.19999999999999996,0.25102880658436216,3.31,3.54,8.7,0.2767295597484276,0.020408163265306145,0.3714285714285714,0.42105263157894735,0.12089767141651359,8.703703703703704,0,1,0,0,0,1,0,0,0,0,1,0,1,0,0,0,1,0,0,0,0,0,0,1,0,0,0.1774193548387097
2025-06-22,0.2,65,1,0,0.5448275862068965,0.5609756097560976,0.5299145299145307,0.5489999999999999,0.35919317300232734,0.19999999999999996,0.25102880658436216,3.31,3.54,8.7,0.2767295597484276,0.020408163265306145,0.3714285714285714,0.42105263157894735,0.1434884067325356,8.703703703703704,0,1,0,0,0,0,1,0,0,0,1,0,1,0,0,0,1,0,0,0,0,0,0,1,0,0,0.1774193548387097
2025-06-23,0.2,65,1,0,0.5448275862068965,0.5609756097560976,0.5299145299145307,0.539,0.3762606671838634,0.19999999999999996,0.25102880658436216,3.31,3.54,8.7,0.2767295597484276,0.020408163265306145,0.3714285714285714,0.42105263157894735,0.1521771510848518,8.703703703703704,0,1,0,0,0,1,0,0,0,0,1,0,1,0,0,0,1,0,0,0,0,0,0,1,0,0,0.1774193548387097
2025-06-24,1.0,197,0,0,0.5620689655172417,0.6894308943089431,0.6324786324786329,0.52,0.5771916214119472,0.6000000000000001,0.45267489711934156,3.27,3.35,9.3,0.710691823899371,0.4285714285714286,0.17142857142857143,0.21052631578947367,0.28399781540142,11.75,0,1,2,0,0,1,0,0,0,0,0,1,1,0,1,0,0,0,0,0,0,0,0,1,0,0,0.1774193548387097
2025-06-25,1.0,197,0,0,0.5620689655172417,0.6894308943089431,0.6324786324786329,0.52,0.5927075252133436,0.6000000000000001,0.45267489711934156,3.27,3.35,9.3,0.710691823899371,0.4285714285714286,0.14285714285714285,0.21052631578947367,0.2700958244377141,12.36842105263158,0,1,2,0,0,1,0,0,0,0,0,1,1,0,1,0,0,0,0,0,0,0,0,1,0,0,0.1774193548387097
2025-06-26,0.2,90,1,0,0.6172413793103448,0.7593495934959353,0.5299145299145307,0.541,0.6373157486423584,0.6000000000000001,0.45267489711934156,3.27,3.35,9.2,0.6792452830188679,0.4285714285714286,0.17142857142857143,0.21052631578947367,0.2624497294076759,11.75,0,1,2,0,0,0,1,0,0,0,0,1,1,0,1,0,0,0,0,0,0,0,0,1,0,0,0.1774193548387097
2025-06-27,0.2,122,1,0,0.6172413793103448,0.7593495934959353,0.5299145299145307,0.541,0.6450737005430567,0.6000000000000001,0.41152263374485604,3.27,3.35,9.2,0.6792452830188679,0.4285714285714286,0.14285714285714285,0.21052631578947367,0.2639392284395015,12.36842105263158,0,1,2,0,0,0,0,1,0,0,0,1,1,0,1,0,0,0,0,0,0,0,0,1,0,0,0.1774193548387097
2025-06-28,0.8,122,0,0,0.36896551724137927,0.4975609756097561,0.44444444444444464,0.557,0.29984484096198605,0.19999999999999996,0.14814814814814814,3.01,3.4,23.0,0.02515723270440251,0.26530612244897966,0.6571428571428573,0.7894736842105263,0.06595998212601162,6.351351351351353,1,0,0,0,0,0,1,0,0,0,1,0,1,0,0,0,1,0,0,0,0,1,0,0,0,0,0.06451612903225806
2025-06-29,0.8,122,0,0,0.36896551724137927,0.4975609756097561,0.44444444444444464,0.557,0.2796741660201707,0.19999999999999996,0.19753086419753085,3.19,3.4,9.0,0.23270440251572322,0.4489795918367345,0.3714285714285714,0.4736842105263157,0.0709249788987637,8.703703703703704,0,1,0,0,0,0,1,0,0,0,1,0,1,0,0,0,1,0,0,0,0,0,0,1,0,0,0.06451612903225806
2025-06-30,0.8,94,1,0,0.36896551724137927,0.4975609756097561,0.44444444444444464,0.557,0.3010085337470908,0.19999999999999996,0.14814814814814814,3.01,3.4,23.0,0.02515723270440251,0.26530612244897966,0.6571428571428573,0.7894736842105263,0.07142147857603892,6.351351351351353,1,0,0,0,0,0,1,0,0,0,1,0,1,0,0,0,1,0,0,0,0,1,0,0,0,0,0.06451612903225806
2025-01-07,0.8,94,1,0,0.36896551724137927,0.4975609756097561,0.44444444444444464,0.557,0.28083785880527545,0.19999999999999996,0.19753086419753085,3.19,3.4,9.0,0.23270440251572322,0.4489795918367345,0.3714285714285714,0.4736842105263157,0.076386475348791,8.703703703703704,0,1,0,0,0,0,1,0,0,0,1,0,1,0,0,0,1,0,0,0,0,0,0,1,0,0,0.06451612903225806
2025-07-02,0.8,94,1,0,0.36896551724137927,0.4975609756097561,0.44444444444444464,0.557,0.3052754072924748,0.19999999999999996,0.19753086419753085,3.19,3.4,9.0,0.23270440251572322,0.4489795918367345,0.3714285714285714,0.4736842105263157,0.08383397050791916,8.703703703703704,0,1,0,0,0,0,1,0,0,0,1,0,1,0,0,0,1,0,0,0,0,0,0,1,0,0,0.06451612903225806
2025-07-03,0.8,94,1,0,0.36896551724137927,0.4975609756097561,0.44444444444444464,0.557,0.3223429014740109,0.19999999999999996,0.14814814814814814,3.01,3.4,23.0,0.12578616352201255,0.1428571428571428,0.6571428571428573,0.6842105263157894,0.10865895437167966,6.351351351351353,1,0,0,0,0,0,1,0,0,0,1,0,0,1,0,0,1,0,0,0,0,1,0,0,0,0,0.06451612903225806
2025-07-04,0.8,94,1,0,0.36896551724137927,0.4975609756097561,0.44444444444444464,0.557,0.3149728471683475,0.19999999999999996,0.19753086419753085,3.19,3.4,10.0,0.32704402515723274,0.5510204081632655,0.3428571428571429,0.42105263157894735,0.1210714463035599,9.038461538461537,0,1,0,0,0,0,1,0,0,0,1,0,1,0,0,0,1,0,0,0,0,0,0,1,0,0,0.06451612903225806
2025-05-07,1.0,122,0,0,0.27241379310344804,0.2959349593495939,0.3333333333333339,0.556,0.29712955779674166,0.19999999999999996,0.19753086419753085,3.19,3.4,8.5,0.26415094339622636,0.5510204081632655,0.28571428571428575,0.3421052631578947,0.1607914204855767,9.791666666666666,0,1,0,1,0,0,0,0,0,0,1,0,1,0,0,0,1,0,0,0,0,0,0,1,0,0,0.06451612903225806
2025-07-06,1.0,256,0,0,0.27241379310344804,0.3999999999999999,0.316239316239316,0.514,0.2843289371605896,0.19999999999999996,0.19753086419753085,3.19,3.4,8.5,0.26415094339622636,0.5510204081632655,0.28571428571428575,0.3421052631578947,0.1206990715456035,9.791666666666666,0,1,0,0,0,1,0,0,0,0,1,0,1,0,0,0,1,0,0,0,0,0,0,1,0,0,0.06451612903225806
2025-07-07,0.4,122,1,0,0.4758620689655175,0.6357723577235763,0.5641025641025648,0.551,0.4550038789759503,0.3999999999999999,0.30864197530864196,3.19,3.4,8.5,0.389937106918239,0.5510204081632655,0.14285714285714285,0.21052631578947367,0.20299389305396953,12.36842105263158,0,1,1,0,0,0,1,0,0,0,1,0,1,0,0,0,1,0,0,0,0,0,0,1,0,0,0.06451612903225806
2025-07-08,0.4,122,1,0,0.4758620689655175,0.6357723577235763,0.5641025641025648,0.551,0.42319627618308764,0.19999999999999996,0.14814814814814814,3.01,3.4,23.0,0.12578616352201255,0.1428571428571428,0.5428571428571429,0.5789473684210527,0.21664763417903776,7.121212121212121,1,0,0,0,0,0,1,0,0,0,1,0,0,1,0,0,1,0,0,0,0,1,0,0,0,0,0.06451612903225806
2025-09-07,0.4,122,1,0,0.4758620689655175,0.6829268292682928,0.5641025641025648,0.551,0.4169899146625291,0.19999999999999996,0.19753086419753085,3.19,3.4,9.0,0.2515723270440251,0.5510204081632655,0.31428571428571433,0.39473684210526316,0.1780447842708902,9.4,0,1,0,0,0,0,0,1,0,0,1,0,1,0,0,0,1,0,0,0,0,0,0,1,0,0,0.06451612903225806
2025-07-10,0.0,103,1,0,0.6103448275862067,0.7756097560975612,0.5897435897435894,0.562,0.5523661753297129,0.19999999999999996,0.3292181069958848,3.78,3.15,9.5,0.41509433962264153,0.5102040816326532,0.2571428571428572,0.3157894736842105,0.19418102378233454,10.217391304347826,0,1,1,0,0,0,1,0,0,0,0,1,1,0,0,0,1,0,0,0,0,0,0,1,0,0,0.05913978494623656
2025-07-11,0.2,74,1,0,0.6103448275862067,0.7756097560975612,0.5897435897435894,0.575,0.5996896819239721,0.19999999999999996,0.3292181069958848,3.78,3.15,9.5,0.41509433962264153,0.5102040816326532,0.2571428571428572,0.3157894736842105,0.2059728911176208,10.217391304347826,0,1,1,0,0,0,0,1,0,0,0,1,1,0,0,0,1,0,0,0,0,0,0,1,0,0,0.05913978494623656
2025-07-12,0.0,103,1,0,0.6103448275862067,0.7756097560975612,0.5897435897435894,0.562,0.5612878200155158,0.19999999999999996,0.3292181069958848,3.78,3.15,9.5,0.41509433962264153,0.5102040816326532,0.28571428571428575,0.3157894736842105,0.26977309964748525,9.791666666666666,0,1,1,0,0,0,1,0,0,0,0,1,1,0,0,0,1,0,0,0,0,0,0,1,0,0,0.05913978494623656
2025-07-13,0.2,74,1,0,0.6103448275862067,0.7756097560975612,0.5897435897435894,0.575,0.6027928626842514,0.19999999999999996,0.3292181069958848,3.78,3.15,9.5,0.41509433962264153,0.5102040816326532,0.28571428571428575,0.3157894736842105,0.2829303410952783,9.791666666666666,0,1,1,0,0,0,0,1,0,0,0,1,1,0,0,0,1,0,0,0,0,0,0,1,0,0,0.05913978494623656
2025-07-14,0.0,103,1,0,0.6103448275862067,0.7756097560975612,0.5897435897435894,0.562,0.603956555469356,0.19999999999999996,0.2839506172839506,3.62,3.15,7.5,0.7169811320754716,0.3877551020408163,0.08571428571428574,0.1578947368421053,0.330221935355742,13.823529411764708,0,1,2,0,0,0,1,0,0,0,0,1,0,1,0,0,1,0,0,0,0,0,0,1,0,0,0.05913978494623656
2025-07-15,0.2,74,1,0,0.6103448275862067,0.7756097560975612,0.5897435897435894,0.575,0.6474010861132662,0.19999999999999996,0.2839506172839506,3.62,3.15,7.5,0.7169811320754716,0.3877551020408163,0.08571428571428574,0.1578947368421053,0.3433791768035351,13.823529411764708,0,1,2,0,0,0,0,1,0,0,0,1,0,1,0,0,1,0,0,0,0,0,0,1,0,0,0.05913978494623656
2025-07-16,0.2,95,1,0,0.7758620689655169,0.7756097560975612,0.7350427350427351,0.555,0.5678820791311094,0.19999999999999996,0.3292181069958848,3.78,3.15,9.5,0.41509433962264153,0.5102040816326532,0.2571428571428572,0.3157894736842105,0.29112258577031924,10.217391304347826,0,1,1,0,0,0,1,0,0,0,0,1,1,0,0,0,1,0,0,0,0,0,0,1,0,0,0.05913978494623656
2025-07-17,0.2,95,1,0,0.7758620689655169,0.7756097560975612,0.7264957264957266,0.555,0.6055081458494957,0.19999999999999996,0.3292181069958848,3.78,3.15,8.7,0.7044025157232704,0.4693877551020409,0.14285714285714285,0.23684210526315785,0.34573755027059233,12.36842105263158,0,1,2,0,0,0,1,0,0,0,0,1,0,1,0,0,1,0,0,0,0,0,0,1,0,0,0.05913978494623656
2025-07-18,0.2,95,1,0,0.7758620689655169,0.7756097560975612,0.7350427350427351,0.555,0.591155934833204,0.6000000000000001,0.46090534979423875,3.58,2.87,8.8,0.5408805031446541,0.5510204081632655,0.11428571428571427,0.1842105263157895,0.4063105108981679,13.055555555555555,0,1,1,0,0,0,1,0,0,0,0,1,1,0,0,0,0,0,1,0,0,0,0,1,0,0,0.05913978494623656
2025-07-19,0.2,95,1,0,0.7758620689655169,0.7756097560975612,0.7350427350427351,0.555,0.6706749418153608,0.6000000000000001,0.34567901234567905,3.01,3.4,23.0,0.3647798742138365,0.26530612244897966,0.3428571428571429,0.2894736842105263,0.43076312000397204,9.038461538461537,1,0,1,0,0,0,1,0,0,0,0,1,0,1,0,0,1,0,0,0,0,1,0,0,0,0,0.05913978494623656
2025-07-20,0.2,95,1,0,0.7758620689655169,0.7756097560975612,0.7350427350427351,0.555,0.6105508145849496,0.19999999999999996,0.3292181069958848,3.78,3.15,9.5,0.41509433962264153,0.5102040816326532,0.14285714285714285,0.23684210526315785,0.4346109925028549,12.36842105263158,0,1,1,0,0,0,1,0,0,0,0,1,0,1,0,0,1,0,0,0,0,0,0,1,0,0,0.05913978494623656
